Channel,Total Spend,Total Incremental Sales,ROAS
Google Ads,240955.53,190743.13069796033,0.7916113429642404
Facebook,310270.70999999996,223188.50275703162,0.7193347472503339
TikTok,549093.39,275831.62047075306,0.5023400854830051
